reads_file_name	sampling ID	nucleic_acid_name	treatment	source	plot_name	rep	sampling_date	Sampling Time	height_mean_cm	air_temp_c	sequencing_type
11425.3.206650.ACGGTCT-AAGACCG.fastq.gz	49	G6R1_MAIN_31MAY2016_LD1	standard fertilization	phyllosphere	G6R1_MAIN	1	5/31/16	12:08	111	30.1	Illumina Hiseq Metagenome Sequencing
11425.3.206650.AGAGCCT-AAGGCTC.fastq.gz	61	G5R1_NF_20JUN2016_LD1	nitrogen free	phyllosphere	G5R1_NF	1	6/20/16	11:44	112	35.5	Illumina Hiseq Metagenome Sequencing
11425.3.206650.ATAGCGG-ACCGCTA.fastq.gz	22	G5R2_MAIN_09MAY2016_LD1	standard fertilization	phyllosphere	G5R2_MAIN	2	5/9/16	14:43	56	14.6	Illumina Hiseq Metagenome Sequencing
11425.3.206650.ATGCCTG-ACAGGCA.fastq.gz	77	G5R1_NF_12JUL2016_LD1	nitrogen free	phyllosphere	G5R1_NF	1	7/12/16	11:15	162.56	38.7	Illumina Hiseq Metagenome Sequencing
11425.3.206650.CACGTTG-ACAACGT.fastq.gz	69	G6R1_NF_20JUN2016_LD1	nitrogen free	phyllosphere	G6R1_NF	1	6/20/16	12:05	213	34.4	Illumina Hiseq Metagenome Sequencing
11425.3.206650.CAGAGTG-ACACTCT.fastq.gz	71	G6R3_NF_20JUN2016_LD1	nitrogen free	phyllosphere	G6R3_NF	3	6/20/16	13:38	213	27.6	Illumina Hiseq Metagenome Sequencing
11425.3.206650.CCAGTGT-AACACTG.fastq.gz	28	G5R3_NF_09MAY2016_LD1	nitrogen free	phyllosphere	G5R3_NF	3	5/9/16	15:26	56	15.3	Illumina Hiseq Metagenome Sequencing
11425.3.206650.CCTCAGT-AACTGAG.fastq.gz	47	G5R3_NF_31MAY2016_LD1	nitrogen free	phyllosphere	G5R3_NF	3	5/31/16	14:13	58	27.2	Illumina Hiseq Metagenome Sequencing
11425.3.206650.CCTTCCT-AAGGAAG.fastq.gz	55	G6R3_NF_31MAY2016_LD1	nitrogen free	phyllosphere	G6R3_NF	3	5/31/16	14:40	111	27.2	Illumina Hiseq Metagenome Sequencing
11425.3.206650.CGACCAT-AATGGTC.fastq.gz	67	G6R3_MAIN_20JUN2016_LD1	standard fertilization	phyllosphere	G6R3_MAIN	3	6/20/16	13:38	213	27.6	Illumina Hiseq Metagenome Sequencing
11425.3.206650.CGTAGGT-AACCTAC.fastq.gz	38	G6R3_NF_09MAY2016_LD1	nitrogen free	phyllosphere	G6R3_NF	3	5/9/16	15:03	91	16.1	Illumina Hiseq Metagenome Sequencing
11425.3.206650.CTTGCTG-ACAGCAA.fastq.gz	75	G5R3_MAIN_12JUL2016_LD1	standard fertilization	phyllosphere	G5R3_MAIN	3	7/12/16	13:08	162.56	31.4	Illumina Hiseq Metagenome Sequencing
11425.3.206650.GAACGCT-AAGCGTT.fastq.gz	51	G6R3_MAIN_31MAY2016_LD1	standard fertilization	phyllosphere	G6R3_MAIN	3	5/31/16	14:40	111	27.2	Illumina Hiseq Metagenome Sequencing
11425.3.206650.GAGCTCA-TTGAGCT.fastq.gz	21	G5R1_MAIN_09MAY2016_LD1	standard fertilization	phyllosphere	G5R1_MAIN	1	5/9/16	12:00	56	13.7	Illumina Hiseq Metagenome Sequencing
11425.3.206650.GAGGACT-AAGTCCT.fastq.gz	63	G5R3_NF_20JUN2016_LD1	nitrogen free	phyllosphere	G5R3_NF	3	6/20/16	13:19	112	27.1	Illumina Hiseq Metagenome Sequencing
11425.3.206650.GCTACGT-AACGTAG.fastq.gz	43	G5R3_MAIN_31MAY2016_LD1	standard fertilization	phyllosphere	G5R3_MAIN	3	5/31/16	14:13	58	27.2	Illumina Hiseq Metagenome Sequencing
11425.3.206650.GCTGGAT-AATCCAG.fastq.gz	65	G6R1_MAIN_20JUN2016_LD1	standard fertilization	phyllosphere	G6R1_MAIN	1	6/20/16	12:05	213	34.4	Illumina Hiseq Metagenome Sequencing
11425.3.206650.GGACTGT-AACAGTC.fastq.gz	33	G6R3_MAIN_09MAY2016_LD1	standard fertilization	phyllosphere	G6R3_MAIN	3	5/9/16	15:46	91	15.4	Illumina Hiseq Metagenome Sequencing
11425.3.206650.GTCTCCT-AAGGAGA.fastq.gz	57	G5R1_MAIN_20JUN2016_LD1	standard fertilization	phyllosphere	G5R1_MAIN	1	6/20/16	11:44	112	35.5	Illumina Hiseq Metagenome Sequencing
11425.3.206650.GTGAGCT-AAGCTCA.fastq.gz	53	G6R1_NF_31MAY2016_LD1	nitrogen free	phyllosphere	G6R1_NF	1	5/31/16	12:08	111	30.1	Illumina Hiseq Metagenome Sequencing
11425.3.206650.GTTCGGT-AACCGAA.fastq.gz	36	G6R1_NF_09MAY2016_LD1	nitrogen free	phyllosphere	G6R1_NF	1	5/9/16	16:04	91	15.6	Illumina Hiseq Metagenome Sequencing
11425.3.206650.TACGCCT-AAGGCGT.fastq.gz	59	G5R3_MAIN_20JUN2016_LD1	standard fertilization	phyllosphere	G5R3_MAIN	3	6/20/16	13:19	112	27.1	Illumina Hiseq Metagenome Sequencing
11425.3.206650.TCGCTGT-AACAGCG.fastq.gz	31	G6R1_MAIN_09MAY2016_LD1	standard fertilization	phyllosphere	G6R1_MAIN	1	5/9/16	13:06	91	14.9	Illumina Hiseq Metagenome Sequencing
11425.3.206650.TGTGCGT-AACGCAC.fastq.gz	41	G5R1_MAIN_31MAY2016_LD1	standard fertilization	phyllosphere	G5R1_MAIN	1	5/31/16	11:42	58	25.5	Illumina Hiseq Metagenome Sequencing
11425.4.206675.ACACCAG-ACTGGTG.fastq.gz	109	G5R1_NF_22AUG2016_LD1	nitrogen free	phyllosphere	G5R1_NF	1	8/22/16	11:04	203.2	24.1	Illumina Hiseq Metagenome Sequencing
11425.4.206675.ACCGTAG-ACTACGG.fastq.gz	99	G6R3_MAIN_01AUG2016_LD1	standard fertilization	phyllosphere	G6R3_MAIN	3	8/1/16	13:43	241.3	28	Illumina Hiseq Metagenome Sequencing
11425.4.206675.AGAAGCG-ACGCTTC.fastq.gz	91	G5R3_MAIN_01AUG2016_LD1	standard fertilization	phyllosphere	G5R3_MAIN	3	8/1/16	13:25	180.34	28	Illumina Hiseq Metagenome Sequencing
11425.4.206675.AGTAGTC-GGACTAC.fastq.gz	60	G5R4_MAIN_20JUN2016_LD1	standard fertilization	phyllosphere	G5R4_MAIN	4	6/20/16	14:05	112	28.2	Illumina Hiseq Metagenome Sequencing
11425.4.206675.AGTGCAG-ACTGCAC.fastq.gz	107	G5R3_MAIN_22AUG2016_LD1	standard fertilization	phyllosphere	G5R3_MAIN	3	8/22/16	13:04	203.2	15.1	Illumina Hiseq Metagenome Sequencing
11425.4.206675.CAAGGTC-AGACCTT.fastq.gz	113	G6R1_MAIN_22AUG2016_LD1	standard fertilization	phyllosphere	G6R1_MAIN	1	8/22/16	11:29	254	20.5	Illumina Hiseq Metagenome Sequencing
11425.4.206675.CCATACG-ACGTATG.fastq.gz	95	G5R3_NF_01AUG2016_LD1	nitrogen free	phyllosphere	G5R3_NF	3	8/1/16	13:25	180.34	28	Illumina Hiseq Metagenome Sequencing
11425.4.206675.CGAACTG-ACAGTTC.fastq.gz	79	G5R3_NF_12JUL2016_LD1	nitrogen free	phyllosphere	G5R3_NF	3	7/12/16	13:01	162.56	31.2	Illumina Hiseq Metagenome Sequencing
11425.4.206675.CGGTTGT-AACAACC.fastq.gz	23	G5R3_MAIN_09MAY2016_LD1	standard fertilization	phyllosphere	G5R3_MAIN	3	5/9/16	15:26	56	15.3	Illumina Hiseq Metagenome Sequencing
11425.4.206675.CGTTGAG-ACTCAAC.fastq.gz	103	G6R3_NF_01AUG2016_LD1	nitrogen free	phyllosphere	G6R3_NF	3	8/1/16	13:43	241.3	28	Illumina Hiseq Metagenome Sequencing
11425.4.206675.GACATTC-GGAATGT.fastq.gz	108	G5R4_MAIN_22AUG2016_LD1	standard fertilization	phyllosphere	G5R4_MAIN	4	8/22/16	14:03	203.2	22.5	Illumina Hiseq Metagenome Sequencing
11425.4.206675.GCATGTC-AGACATG.fastq.gz	111	G5R3_NF_22AUG2016_LD1	nitrogen free	phyllosphere	G5R3_NF	3	8/22/16	13:04	203.2	15.1	Illumina Hiseq Metagenome Sequencing
11425.4.206675.GCGATAG-ACTATCG.fastq.gz	101	G6R1_NF_01AUG2016_LD1	nitrogen free	phyllosphere	G6R1_NF	1	8/1/16	11:50	241.3	24.3	Illumina Hiseq Metagenome Sequencing
11425.4.206675.GTCTAGG-ACCTAGA.fastq.gz	89	G5R1_MAIN_01AUG2016_LD1	standard fertilization	phyllosphere	G5R1_MAIN	1	8/1/16	11:32	180.34	27	Illumina Hiseq Metagenome Sequencing
11425.4.206675.GTGAATC-GGATTCA.fastq.gz	100	G6R4_MAIN_01AUG2016_LD1	standard fertilization	phyllosphere	G6R4_MAIN	4	8/1/16	14:04	241.3	28	Illumina Hiseq Metagenome Sequencing
11425.4.206675.TAACCGG-ACCGGTT.fastq.gz	87	G6R3_NF_12JUL2016_LD1	nitrogen free	phyllosphere	G6R3_NF	3	7/12/16	13:19	233.68	34.8	Illumina Hiseq Metagenome Sequencing
11425.4.206675.TACCAAC-GGTTGGT.fastq.gz	24	G5R4_MAIN_09MAY2016_LD1	standard fertilization	phyllosphere	G5R4_MAIN	4	5/9/16	13:56	56	15.2	Illumina Hiseq Metagenome Sequencing
11425.4.206675.TAGCGTC-AGACGCT.fastq.gz	115	G6R3_MAIN_22AUG2016_LD1	standard fertilization	phyllosphere	G6R3_MAIN	3	8/22/16	13:20	254	22.9	Illumina Hiseq Metagenome Sequencing
11425.4.206675.TCTCTTC-GGAAGAG.fastq.gz	62	G5R2_NF_20JUN2016_LD1	nitrogen free	phyllosphere	G5R2_NF	2	6/20/16	12:35	112	28.2	Illumina Hiseq Metagenome Sequencing
11425.4.206675.TGCTTGG-ACCAAGC.fastq.gz	83	G6R3_MAIN_12JUL2016_LD1	standard fertilization	phyllosphere	G6R3_MAIN	3	7/12/16	13:25	233.68	32.8	Illumina Hiseq Metagenome Sequencing
11425.4.206675.TGGCATG-ACATGCC.fastq.gz	81	G6R1_MAIN_12JUL2016_LD1	standard fertilization	phyllosphere	G6R1_MAIN	1	7/12/16	11:32	233.68	31.9	Illumina Hiseq Metagenome Sequencing
11425.4.206675.TGTACCG-ACGGTAC.fastq.gz	93	G5R1_NF_01AUG2016_LD1	nitrogen free	phyllosphere	G5R1_NF	1	8/1/16	11:32	180.34	27	Illumina Hiseq Metagenome Sequencing
11425.4.206675.TTGGACG-ACGTCCA.fastq.gz	97	G6R1_MAIN_01AUG2016_LD1	standard fertilization	phyllosphere	G6R1_MAIN	1	8/1/16	11:50	241.3	24.3	Illumina Hiseq Metagenome Sequencing
11425.4.206675.TTGTCGG-ACCGACA.fastq.gz	85	G6R1_NF_12JUL2016_LD1	nitrogen free	phyllosphere	G6R1_NF	1	7/12/16	11:34	233.68	30.3	Illumina Hiseq Metagenome Sequencing
11425.5.206700.ACGATGA-GTCATCG.fastq.gz	58	G5R2_MAIN_20JUN2016_LD1	standard fertilization	phyllosphere	G5R2_MAIN	2	6/20/16	12:35	112	28.2	Illumina Hiseq Metagenome Sequencing
11425.5.206700.AGAATGC-GGCATTC.fastq.gz	64	G5R4_NF_20JUN2016_LD1	nitrogen free	phyllosphere	G5R4_NF	4	6/20/16	14:05	112	28.2	Illumina Hiseq Metagenome Sequencing
11425.5.206700.AGCTAAC-GGTTAGC.fastq.gz	32	G6R2_MAIN_09MAY2016_LD1	standard fertilization	phyllosphere	G6R2_MAIN	2	5/9/16	15:03	91	16.1	Illumina Hiseq Metagenome Sequencing
11425.5.206700.ATTGAGC-GGCTCAA.fastq.gz	52	G6R4_MAIN_31MAY2016_LD1	standard fertilization	phyllosphere	G6R4_MAIN	4	5/31/16	12:55	111	25.6	Illumina Hiseq Metagenome Sequencing
11425.5.206700.CAATCGA-GTCGATT.fastq.gz	54	G6R2_NF_31MAY2016_LD1	nitrogen free	phyllosphere	G6R2_NF	2	5/31/16	13:47	111	26.6	Illumina Hiseq Metagenome Sequencing
11425.5.206700.CACCTTA-GTAAGGT.fastq.gz	98	G6R2_MAIN_01AUG2016_LD1	standard fertilization	phyllosphere	G6R2_MAIN	2	8/1/16	12:43	241.3	20.9	Illumina Hiseq Metagenome Sequencing
11425.5.206700.CATACCA-GTGGTAT.fastq.gz	84	G6R4_MAIN_12JUL2016_LD1	standard fertilization	phyllosphere	G6R4_MAIN	4	7/12/16	14:00	233.68	36.3	Illumina Hiseq Metagenome Sequencing
11425.5.206700.CGCTTAA-GTTAAGC.fastq.gz	44	G5R4_MAIN_31MAY2016_LD1	standard fertilization	phyllosphere	G5R4_MAIN	4	5/31/16	12:37	58	30.1	Illumina Hiseq Metagenome Sequencing
11425.5.206700.CTCGATA-GTATCGA.fastq.gz	102	G6R2_NF_01AUG2016_LD1	nitrogen free	phyllosphere	G6R2_NF	2	8/1/16	12:43	241.3	20.9	Illumina Hiseq Metagenome Sequencing
11425.5.206700.CTGACAC-TGTGTCA.fastq.gz	27	G5R2_NF_09MAY2016_LD1	nitrogen free	phyllosphere	G5R2_NF	2	5/9/16	14:43	56	14.6	Illumina Hiseq Metagenome Sequencing
11425.5.206700.GAAGTAC-GGTACTT.fastq.gz	78	G5R2_NF_12JUL2016_LD1	nitrogen free	phyllosphere	G5R2_NF	2	7/12/16	11:53	162.56	31.5	Illumina Hiseq Metagenome Sequencing
11425.5.206700.GCCATAA-GTTATGG.fastq.gz	76	G5R4_MAIN_12JUL2016_LD1	standard fertilization	phyllosphere	G5R4_MAIN	4	7/12/16	13:45	162.56	33.1	Illumina Hiseq Metagenome Sequencing
11425.5.206700.GCCTTGT-AACAAGG.fastq.gz	26	G5R1_NF_09MAY2016_LD1	nitrogen free	phyllosphere	G5R1_NF	1	5/9/16	12:00	56	13.7	Illumina Hiseq Metagenome Sequencing
11425.5.206700.GTAACGA-GTCGTTA.fastq.gz	50	G6R2_MAIN_31MAY2016_LD1	standard fertilization	phyllosphere	G6R2_MAIN	2	5/31/16	13:47	111	26.6	Illumina Hiseq Metagenome Sequencing
11425.5.206700.GTTCAAC-GGTTGAA.fastq.gz	70	G6R2_NF_20JUN2016_LD1	nitrogen free	phyllosphere	G6R2_NF	2	6/20/16	12:50	213	27.6	Illumina Hiseq Metagenome Sequencing
11425.5.206700.TAGTGAC-GGTCACT.fastq.gz	80	G5R4_NF_12JUL2016_LD1	nitrogen free	phyllosphere	G5R4_NF	4	7/12/16	13:40	162.56	38.4	Illumina Hiseq Metagenome Sequencing
11425.5.206700.TATTCGC-GGCGAAT.fastq.gz	92	G5R4_MAIN_01AUG2016_LD1	standard fertilization	phyllosphere	G5R4_MAIN	4	8/1/16	14:11	180.34	28	Illumina Hiseq Metagenome Sequencing
11425.5.206700.TCATCAC-GGTGATG.fastq.gz	39	G6R4_NF_09MAY2016_LD1	nitrogen free	phyllosphere	G6R4_NF	4	5/9/16	15:46	91	15.4	Illumina Hiseq Metagenome Sequencing
11425.5.206700.TCGGTTA-GTAACCG.fastq.gz	68	G6R4_MAIN_20JUN2016_LD1	standard fertilization	phyllosphere	G6R4_MAIN	4	6/20/16	14:21	213	27.9	Illumina Hiseq Metagenome Sequencing
11425.5.206700.TGACTGA-GTCAGTC.fastq.gz	56	G6R4_NF_31MAY2016_LD1	nitrogen free	phyllosphere	G6R4_NF	4	5/31/16	12:55	111	25.6	Illumina Hiseq Metagenome Sequencing
11425.5.206700.TGGATCA-GTGATCC.fastq.gz	74	G5R2_MAIN_12JUL2016_LD1	standard fertilization	phyllosphere	G5R2_MAIN	2	7/12/16	11:57	162.56	33.6	Illumina Hiseq Metagenome Sequencing
11425.5.206700.TGTACAC-GGTGTAC.fastq.gz	29	G5R4_NF_09MAY2016_LD1	nitrogen free	phyllosphere	G5R4_NF	4	5/9/16	13:56	56	15.2	Illumina Hiseq Metagenome Sequencing
11425.5.206700.TGTGGTA-GTACCAC.fastq.gz	110	G5R2_NF_22AUG2016_LD1	nitrogen free	phyllosphere	G5R2_NF	2	8/22/16	12:18	203.2	24.7	Illumina Hiseq Metagenome Sequencing
11425.5.206700.TTCGTAC-GGTACGA.fastq.gz	48	G5R4_NF_31MAY2016_LD1	nitrogen free	phyllosphere	G5R4_NF	4	5/31/16	12:37	58	30.1	Illumina Hiseq Metagenome Sequencing
11425.6.206725.AACGGTC-TGACCGT.fastq.gz	94	G5R2_NF_01AUG2016_LD1	nitrogen free	phyllosphere	G5R2_NF	2	8/1/16	12:02	180.34	22.7	Illumina Hiseq Metagenome Sequencing
11425.6.206725.AAGAGCC-TGGCTCT.fastq.gz	90	G5R2_MAIN_01AUG2016_LD1	standard fertilization	phyllosphere	G5R2_MAIN	2	8/1/16	12:02	180.34	22.7	Illumina Hiseq Metagenome Sequencing
11425.6.206725.ACAGCAA-GTTGCTG.fastq.gz	37	G6R2_NF_09MAY2016_LD1	nitrogen free	phyllosphere	G6R2_NF	2	5/9/16	13:06	91	14.9	Illumina Hiseq Metagenome Sequencing
11425.6.206725.ACCATCC-TGGATGG.fastq.gz	42	G5R2_MAIN_31MAY2016_LD1	standard fertilization	phyllosphere	G5R2_MAIN	2	5/31/16	13:26	58	25.6	Illumina Hiseq Metagenome Sequencing
11425.6.206725.ACGGAAC-TGTTCCG.fastq.gz	34	G6R4_MAIN_09MAY2016_LD1	standard fertilization	phyllosphere	G6R4_MAIN	4	5/9/16	13:56	91	15.1	Illumina Hiseq Metagenome Sequencing
11425.6.206725.AGCAAGC-TGCTTGC.fastq.gz	66	G6R2_MAIN_20JUN2016_LD1	standard fertilization	phyllosphere	G6R2_MAIN	2	6/20/16	12:50	213	27.6	Illumina Hiseq Metagenome Sequencing
11425.6.206725.AGCTCCT-TAGGAGC.fastq.gz	116	G6R4_MAIN_22AUG2016_LD1	standard fertilization	phyllosphere	G6R4_MAIN	4	8/22/16	13:46	254	18.9	Illumina Hiseq Metagenome Sequencing
11425.6.206725.ATGCACG-TCGTGCA.fastq.gz	112	G5R4_NF_22AUG2016_LD1	nitrogen free	phyllosphere	G5R4_NF	4	8/22/16	14:03	203.2	22.5	Illumina Hiseq Metagenome Sequencing
11425.6.206725.ATGGTCC-TGGACCA.fastq.gz	88	G6R4_NF_12JUL2016_LD1	nitrogen free	phyllosphere	G6R4_NF	4	7/12/16	14:10	233.68	40.4	Illumina Hiseq Metagenome Sequencing
11425.6.206725.CACTGAC-TGTCAGT.fastq.gz	82	G6R2_MAIN_12JUL2016_LD1	standard fertilization	phyllosphere	G6R2_MAIN	2	7/12/16	12:14	233.68	33.7	Illumina Hiseq Metagenome Sequencing
11425.6.206725.CCAAGCA-TTGCTTG.fastq.gz	86	G6R2_NF_12JUL2016_LD1	nitrogen free	phyllosphere	G6R2_NF	2	7/12/16	12:24	233.68	32.6	Illumina Hiseq Metagenome Sequencing
11425.6.206725.CTATCGC-TGCGATA.fastq.gz	106	G5R2_MAIN_22AUG2016_LD1	standard fertilization	phyllosphere	G5R2_MAIN	2	8/22/16	12:18	203.2	24.7	Illumina Hiseq Metagenome Sequencing
11425.6.206725.GGATACC-TGGTATC.fastq.gz	72	G6R4_NF_20JUN2016_LD1	nitrogen free	phyllosphere	G6R4_NF	4	6/20/16	14:21	213	27.9	Illumina Hiseq Metagenome Sequencing
11425.6.206725.TCACAGC-TGCTGTG.fastq.gz	104	G6R4_NF_01AUG2016_LD1	nitrogen free	phyllosphere	G6R4_NF	4	8/1/16	14:04	241.3	28	Illumina Hiseq Metagenome Sequencing
11425.6.206725.TGTCCAG-TCTGGAC.fastq.gz	114	G6R2_MAIN_22AUG2016_LD1	standard fertilization	phyllosphere	G6R2_MAIN	2	8/22/16	11:57	254	16.6	Illumina Hiseq Metagenome Sequencing
11425.6.206725.TTGAGGC-TGCCTCA.fastq.gz	96	G5R4_NF_01AUG2016_LD1	nitrogen free	phyllosphere	G5R4_NF	4	8/1/16	14:11	180.34	28	Illumina Hiseq Metagenome Sequencing
11505.1.209499.ACCGTAG-ACTACGG.fastq.gz	153	G6R1_MAIN_07NOV2016_LD1	standard fertilization	phyllosphere	G6R1_MAIN	1	11/7/16	11:25	356	14.6	Illumina Hiseq Metagenome Sequencing
11505.1.209499.ACCTCTG-ACAGAGG.fastq.gz	127	G5R3_NF_12SEP2016_LD1	nitrogen free	phyllosphere	G5R3_NF	3	9/12/16	13:45	185.42	19.5	Illumina Hiseq Metagenome Sequencing
11505.1.209499.AGAAGCG-ACGCTTC.fastq.gz	145	G6R1_MAIN_03OCT2016_LD1	standard fertilization	phyllosphere	G6R1_MAIN	1	10/3/16	11:15	300	13	Illumina Hiseq Metagenome Sequencing
11505.1.209499.AGAATGC-GGCATTC.fastq.gz	118	G6R2_NF_22AUG2016_LD1	nitrogen free	phyllosphere	G6R2_NF	2	8/22/16	11:57	254	16.6	Illumina Hiseq Metagenome Sequencing
11505.1.209499.ATGCCTG-ACAGGCA.fastq.gz	131	G6R3_MAIN_12SEP2016_LD1	standard fertilization	phyllosphere	G6R3_MAIN	3	9/12/16	14:05	261.62	25.9	Illumina Hiseq Metagenome Sequencing
11505.1.209499.CACGTTG-ACAACGT.fastq.gz	123	G5R3_MAIN_12SEP2016_LD1	standard fertilization	phyllosphere	G5R3_MAIN	3	9/12/16	13:45	185.42	19.5	Illumina Hiseq Metagenome Sequencing
11505.1.209499.CAGAGTG-ACACTCT.fastq.gz	125	G5R1_NF_12SEP2016_LD1	nitrogen free	phyllosphere	G5R1_NF	1	9/12/16	11:42	185.42	24.9	Illumina Hiseq Metagenome Sequencing
11505.1.209499.CCATACG-ACGTATG.fastq.gz	149	G6R1_NF_03OCT2016_LD1	nitrogen free	phyllosphere	G6R1_NF	1	10/3/16	11:15	300	13	Illumina Hiseq Metagenome Sequencing
11505.1.209499.CGAACTG-ACAGTTC.fastq.gz	133	G6R1_NF_12SEP2016_LD1	nitrogen free	phyllosphere	G6R1_NF	1	9/12/16	12:23	261.62	24.6	Illumina Hiseq Metagenome Sequencing
11505.1.209499.CGACCAT-AATGGTC.fastq.gz	121	G5R1_MAIN_12SEP2016_LD1	standard fertilization	phyllosphere	G5R1_MAIN	1	9/12/16	11:42	185.42	24.9	Illumina Hiseq Metagenome Sequencing
11505.1.209499.CGTTGAG-ACTCAAC.fastq.gz	157	G6R1_NF_07NOV2016_LD1	nitrogen free	phyllosphere	G6R1_NF	1	11/7/16	11:25	356	14.6	Illumina Hiseq Metagenome Sequencing
11505.1.209499.CTTGCTG-ACAGCAA.fastq.gz	129	G6R1_MAIN_12SEP2016_LD1	standard fertilization	phyllosphere	G6R1_MAIN	1	9/12/16	12:23	261.62	24.6	Illumina Hiseq Metagenome Sequencing
11505.1.209499.GAGGACT-AAGTCCT.fastq.gz	117	G6R1_NF_22AUG2016_LD1	nitrogen free	phyllosphere	G6R1_NF	1	8/22/16	11:29	254	20.5	Illumina Hiseq Metagenome Sequencing
11505.1.209499.GCGATAG-ACTATCG.fastq.gz	155	G6R3_MAIN_07NOV2016_LD1	standard fertilization	phyllosphere	G6R3_MAIN	3	11/7/16	12:28	356	15.6	Illumina Hiseq Metagenome Sequencing
11505.1.209499.GCTGGAT-AATCCAG.fastq.gz	119	G6R3_NF_22AUG2016_LD1	nitrogen free	phyllosphere	G6R3_NF	3	8/22/16	13:20	254	22.9	Illumina Hiseq Metagenome Sequencing
11505.1.209499.GTCTAGG-ACCTAGA.fastq.gz	143	G5R3_NF_03OCT2016_LD1	nitrogen free	phyllosphere	G5R3_NF	3	10/3/16	13:17	188	19.5	Illumina Hiseq Metagenome Sequencing
11505.1.209499.GTGAATC-GGATTCA.fastq.gz	154	G6R2_MAIN_07NOV2016_LD1	standard fertilization	phyllosphere	G6R2_MAIN	2	11/7/16	12:05	356	15.1	Illumina Hiseq Metagenome Sequencing
11505.1.209499.TAACCGG-ACCGGTT.fastq.gz	141	G5R1_NF_03OCT2016_LD1	nitrogen free	phyllosphere	G5R1_NF	1	10/3/16	11:41	188	13	Illumina Hiseq Metagenome Sequencing
11505.1.209499.TGCTTGG-ACCAAGC.fastq.gz	137	G5R1_MAIN_03OCT2016_LD1	standard fertilization	phyllosphere	G5R1_MAIN	1	10/3/16	11:41	188	13	Illumina Hiseq Metagenome Sequencing
11505.1.209499.TGGCATG-ACATGCC.fastq.gz	135	G6R3_NF_12SEP2016_LD1	nitrogen free	phyllosphere	G6R3_NF	3	9/12/16	14:05	261.62	25.9	Illumina Hiseq Metagenome Sequencing
11505.1.209499.TGTACCG-ACGGTAC.fastq.gz	147	G6R3_MAIN_03OCT2016_LD1	standard fertilization	phyllosphere	G6R3_MAIN	3	10/3/16	13:46	300	17.5	Illumina Hiseq Metagenome Sequencing
11505.1.209499.TTGGACG-ACGTCCA.fastq.gz	151	G6R3_NF_03OCT2016_LD1	nitrogen free	phyllosphere	G6R3_NF	3	10/3/16	13:46	300	17.5	Illumina Hiseq Metagenome Sequencing
11505.2.209522.AACGGTC-TGACCGT.fastq.gz	148	G6R4_MAIN_03OCT2016_LD1	standard fertilization	phyllosphere	G6R4_MAIN	4	10/3/16	14:32	300	18	Illumina Hiseq Metagenome Sequencing
11505.2.209522.AAGAGCC-TGGCTCT.fastq.gz	144	G5R4_NF_03OCT2016_LD1	nitrogen free	phyllosphere	G5R4_NF	4	10/3/16	14:07	188	19.8	Illumina Hiseq Metagenome Sequencing
11505.2.209522.AGCAAGC-TGCTTGC.fastq.gz	120	G6R4_NF_22AUG2016_LD1	nitrogen free	phyllosphere	G6R4_NF	4	8/22/16	13:46	254	18.9	Illumina Hiseq Metagenome Sequencing
11505.2.209522.ATGGTCC-TGGACCA.fastq.gz	142	G5R2_NF_03OCT2016_LD1	nitrogen free	phyllosphere	G5R2_NF	2	10/3/16	12:53	188	16.7	Illumina Hiseq Metagenome Sequencing
11505.2.209522.CACCTTA-GTAAGGT.fastq.gz	152	G6R4_NF_03OCT2016_LD1	nitrogen free	phyllosphere	G6R4_NF	4	10/3/16	14:32	300	18	Illumina Hiseq Metagenome Sequencing
11505.2.209522.CACTGAC-TGTCAGT.fastq.gz	136	G6R4_NF_12SEP2016_LD1	nitrogen free	phyllosphere	G6R4_NF	4	9/12/16	14:50	261.62	25.9	Illumina Hiseq Metagenome Sequencing
11505.2.209522.CATACCA-GTGGTAT.fastq.gz	138	G5R2_MAIN_03OCT2016_LD1	standard fertilization	phyllosphere	G5R2_MAIN	2	10/3/16	12:53	188	16.7	Illumina Hiseq Metagenome Sequencing
11505.2.209522.CCAAGCA-TTGCTTG.fastq.gz	140	G5R4_MAIN_03OCT2016_LD1	standard fertilization	phyllosphere	G5R4_MAIN	4	10/3/16	14:07	188	19.8	Illumina Hiseq Metagenome Sequencing
11505.2.209522.CTATCGC-TGCGATA.fastq.gz	160	G6R4_NF_07NOV2016_LD1	nitrogen free	phyllosphere	G6R4_NF	4	11/7/16	12:55	356	13.1	Illumina Hiseq Metagenome Sequencing
11505.2.209522.CTCGATA-GTATCGA.fastq.gz	156	G6R4_MAIN_07NOV2016_LD1	standard fertilization	phyllosphere	G6R4_MAIN	4	11/7/16	12:55	356	13.1	Illumina Hiseq Metagenome Sequencing
11505.2.209522.GAAGTAC-GGTACTT.fastq.gz	132	G6R4_MAIN_12SEP2016_LD1	standard fertilization	phyllosphere	G6R4_MAIN	4	9/12/16	14:50	261.62	25.9	Illumina Hiseq Metagenome Sequencing
11505.2.209522.GCCATAA-GTTATGG.fastq.gz	130	G6R2_MAIN_12SEP2016_LD1	standard fertilization	phyllosphere	G6R2_MAIN	2	9/12/16	12:55	261.62	22.8	Illumina Hiseq Metagenome Sequencing
11505.2.209522.GGATACC-TGGTATC.fastq.gz	126	G5R2_NF_12SEP2016_LD1	nitrogen free	phyllosphere	G5R2_NF	2	9/12/16	13:14	185.42	23.7	Illumina Hiseq Metagenome Sequencing
11505.2.209522.GTTCAAC-GGTTGAA.fastq.gz	124	G5R4_MAIN_12SEP2016_LD1	standard fertilization	phyllosphere	G5R4_MAIN	4	9/12/16	14:34	185.42	26.5	Illumina Hiseq Metagenome Sequencing
11505.2.209522.TAGTGAC-GGTCACT.fastq.gz	134	G6R2_NF_12SEP2016_LD1	nitrogen free	phyllosphere	G6R2_NF	2	9/12/16	12:55	261.62	22.8	Illumina Hiseq Metagenome Sequencing
11505.2.209522.TATTCGC-GGCGAAT.fastq.gz	146	G6R2_MAIN_03OCT2016_LD1	standard fertilization	phyllosphere	G6R2_MAIN	2	10/3/16	12:34	300	15.1	Illumina Hiseq Metagenome Sequencing
11505.2.209522.TCACAGC-TGCTGTG.fastq.gz	158	G6R2_NF_07NOV2016_LD1	nitrogen free	phyllosphere	G6R2_NF	2	11/7/16	12:05	356	15.1	Illumina Hiseq Metagenome Sequencing
11505.2.209522.TCGGTTA-GTAACCG.fastq.gz	122	G5R2_MAIN_12SEP2016_LD1	standard fertilization	phyllosphere	G5R2_MAIN	2	9/12/16	13:14	185.42	23.7	Illumina Hiseq Metagenome Sequencing
11505.2.209522.TGGATCA-GTGATCC.fastq.gz	128	G5R4_NF_12SEP2016_LD1	nitrogen free	phyllosphere	G5R4_NF	4	9/12/16	14:34	185.42	26.5	Illumina Hiseq Metagenome Sequencing
11505.2.209522.TTGAGGC-TGCCTCA.fastq.gz	150	G6R2_NF_03OCT2016_LD1	nitrogen free	phyllosphere	G6R2_NF	2	10/3/16	12:34	300	15.1	Illumina Hiseq Metagenome Sequencing
11505.2.209522.TTGTCGG-ACCGACA.fastq.gz	139	G5R3_MAIN_03OCT2016_LD1	standard fertilization	phyllosphere	G5R3_MAIN	3	10/3/16	13:17	188	19.5	Illumina Hiseq Metagenome Sequencing
11815.1.220223.AGTCA.fastq.gz	45	G5R1_NF_31MAY2016_LD1	nitrogen free	phyllosphere	G5R1_NF	1	5/31/16	11:42	58	25.5	Illumina Hiseq Metagenome Sequencing
11814.1.220215.TAGCT.fastq.gz	46	G5R2_NF_31MAY2016_LD1	nitrogen free	phyllosphere	G5R2_NF	2	5/31/16	13:26	58	25.6	Illumina Hiseq Metagenome Sequencing
11814.1.220215.GGCTA.fastq.gz	73	G5R1_MAIN_12JUL2016_LD1	standard fertilization	phyllosphere	G5R1_MAIN	1	7/12/16	11:20	162.56	32.2	Illumina Hiseq Metagenome Sequencing
11815.1.220223.CTTGT.fastq.gz	105	G5R1_MAIN_22AUG2016_LD1	standard fertilization	phyllosphere	G5R1_MAIN	1	8/22/16	11:04	203.2	24.1	Illumina Hiseq Metagenome Sequencing
11861.3.224524.CGTACG.fastq.gz	159	G6R3_NF_07NOV2016_LD1	nitrogen free	phyllosphere	G6R3_NF	3	11/7/16	12:28	356	15.6	Illumina Hiseq Metagenome Sequencing